{
"Profiles": [
{
  "Ansi 6 Color" : {
    "Green Component" : 0.3960784375667572,
    "Red Component" : 0.19215686619281769,
    "Blue Component" : 0.54901963472366333
  },
  "Tags" : [

  ],
  "Ansi 12 Color" : {
    "Green Component" : 0.47843137383460999,
    "Red Component" : 0.27843138575553894,
    "Blue Component" : 0.70196080207824707
  },
  "Transparency" : 0,
  "Normal Font" : "FiraMonoForPowerline-Regular 18",
  "Bold Color" : {
    "Green Component" : 1,
    "Red Component" : 1,
    "Blue Component" : 1
  },
  "Horizontal Spacing" : 1,
  "Ansi 3 Color" : {
    "Green Component" : 0.48627451062202454,
    "Red Component" : 0.48627451062202454,
    "Blue Component" : 0.60000002384185791
  },
  "Right Option Key Sends" : 0,
  "Rows" : 25,
  "Default Bookmark" : "No",
  "Cursor Guide Color" : {
    "Red Component" : 0.70213186740875244,
    "Color Space" : "sRGB",
    "Blue Component" : 1,
    "Alpha Component" : 0.25,
    "Green Component" : 0.9268307089805603
  },
  "Non-ASCII Anti Aliased" : true,
  "Use Bright Bold" : true,
  "Ansi 10 Color" : {
    "Green Component" : 0.65098041296005249,
    "Red Component" : 0.32549020648002625,
    "Blue Component" : 0.65098041296005249
  },
  "Ambiguous Double Width" : false,
  "Jobs to Ignore" : [
    "rlogin",
    "ssh",
    "slogin",
    "telnet"
  ],
  "Ansi 15 Color" : {
    "Green Component" : 0.75294119119644165,
    "Red Component" : 0.75294119119644165,
    "Blue Component" : 0.75294119119644165
  },
  "Foreground Color" : {
    "Green Component" : 0.60000002384185791,
    "Red Component" : 0.60000002384185791,
    "Blue Component" : 0.57647061347961426
  },
  "Working Directory" : "\/Users\/chaboy",
  "Blinking Cursor" : false,
  "Space" : 0,
  "Sync Title" : false,
  "Prompt Before Closing 2" : false,
  "BM Growl" : true,
  "Command" : "",
  "Description" : "Default",
  "Mouse Reporting" : true,
  "Disable Window Resizing" : true,
  "Screen" : -1,
  "Selection Color" : {
    "Green Component" : 0.30241936445236206,
    "Red Component" : 0.30241936445236206,
    "Blue Component" : 0.30241936445236206
  },
  "Columns" : 120,
  "Idle Code" : 0,
  "Ansi 13 Color" : {
    "Green Component" : 0.38431373238563538,
    "Red Component" : 0.49411764740943909,
    "Blue Component" : 0.70196080207824707
  },
  "Custom Command" : "No",
  "ASCII Anti Aliased" : true,
  "Non Ascii Font" : "Monaco 12",
  "Vertical Spacing" : 1,
  "Use Bold Font" : true,
  "Option Key Sends" : 0,
  "Selected Text Color" : {
    "Green Component" : 1,
    "Red Component" : 1,
    "Blue Component" : 1
  },
  "Background Color" : {
    "Green Component" : 0.062745101749897003,
    "Red Component" : 0.062745101749897003,
    "Blue Component" : 0.062745101749897003
  },
  "Character Encoding" : 4,
  "Ansi 11 Color" : {
    "Green Component" : 0.61960786581039429,
    "Red Component" : 0.61960786581039429,
    "Blue Component" : 0.79607844352722168
  },
  "Use Italic Font" : true,
  "Unlimited Scrollback" : false,
  "Keyboard Map" : {
    "0xf700-0x260000" : {
      "Text" : "[1;6A",
      "Action" : 10
    },
    "0x37-0x40000" : {
      "Text" : "0x1f",
      "Action" : 11
    },
    "0x32-0x40000" : {
      "Text" : "0x00",
      "Action" : 11
    },
    "0xf709-0x20000" : {
      "Text" : "[17;2~",
      "Action" : 10
    },
    "0xf70c-0x20000" : {
      "Text" : "[20;2~",
      "Action" : 10
    },
    "0xf729-0x20000" : {
      "Text" : "[1;2H",
      "Action" : 10
    },
    "0xf72b-0x40000" : {
      "Text" : "[1;5F",
      "Action" : 10
    },
    "0xf705-0x20000" : {
      "Text" : "[1;2Q",
      "Action" : 10
    },
    "0xf703-0x260000" : {
      "Text" : "[1;6C",
      "Action" : 10
    },
    "0xf700-0x220000" : {
      "Text" : "[1;2A",
      "Action" : 10
    },
    "0xf701-0x280000" : {
      "Text" : "0x1b 0x1b 0x5b 0x42",
      "Action" : 11
    },
    "0x38-0x40000" : {
      "Text" : "0x7f",
      "Action" : 11
    },
    "0x33-0x40000" : {
      "Text" : "0x1b",
      "Action" : 11
    },
    "0xf703-0x220000" : {
      "Text" : "[1;2C",
      "Action" : 10
    },
    "0xf701-0x240000" : {
      "Text" : "[1;5B",
      "Action" : 10
    },
    "0xf70d-0x20000" : {
      "Text" : "[21;2~",
      "Action" : 10
    },
    "0xf702-0x260000" : {
      "Text" : "[1;6D",
      "Action" : 10
    },
    "0xf729-0x40000" : {
      "Text" : "[1;5H",
      "Action" : 10
    },
    "0xf706-0x20000" : {
      "Text" : "[1;2R",
      "Action" : 10
    },
    "0x34-0x40000" : {
      "Text" : "0x1c",
      "Action" : 11
    },
    "0xf700-0x280000" : {
      "Text" : "0x1b 0x1b 0x5b 0x41",
      "Action" : 11
    },
    "0x2d-0x40000" : {
      "Text" : "0x1f",
      "Action" : 11
    },
    "0xf70e-0x20000" : {
      "Text" : "[23;2~",
      "Action" : 10
    },
    "0xf702-0x220000" : {
      "Text" : "[1;2D",
      "Action" : 10
    },
    "0xf703-0x280000" : {
      "Text" : "0x1b 0x1b 0x5b 0x43",
      "Action" : 11
    },
    "0xf700-0x240000" : {
      "Text" : "[1;5A",
      "Action" : 10
    },
    "0xf707-0x20000" : {
      "Text" : "[1;2S",
      "Action" : 10
    },
    "0xf70a-0x20000" : {
      "Text" : "[18;2~",
      "Action" : 10
    },
    "0x35-0x40000" : {
      "Text" : "0x1d",
      "Action" : 11
    },
    "0xf70f-0x20000" : {
      "Text" : "[24;2~",
      "Action" : 10
    },
    "0xf703-0x240000" : {
      "Text" : "[1;5C",
      "Action" : 10
    },
    "0xf701-0x260000" : {
      "Text" : "[1;6B",
      "Action" : 10
    },
    "0xf702-0x280000" : {
      "Text" : "0x1b 0x1b 0x5b 0x44",
      "Action" : 11
    },
    "0xf72b-0x20000" : {
      "Text" : "[1;2F",
      "Action" : 10
    },
    "0x36-0x40000" : {
      "Text" : "0x1e",
      "Action" : 11
    },
    "0xf708-0x20000" : {
      "Text" : "[15;2~",
      "Action" : 10
    },
    "0xf701-0x220000" : {
      "Text" : "[1;2B",
      "Action" : 10
    },
    "0xf70b-0x20000" : {
      "Text" : "[19;2~",
      "Action" : 10
    },
    "0xf702-0x240000" : {
      "Text" : "[1;5D",
      "Action" : 10
    },
    "0xf704-0x20000" : {
      "Text" : "[1;2P",
      "Action" : 10
    }
  },
  "Window Type" : 0,
  "Background Image Location" : "",
  "Blur" : false,
  "Badge Color" : {
    "Red Component" : 1,
    "Color Space" : "sRGB",
    "Blue Component" : 0,
    "Alpha Component" : 0.5,
    "Green Component" : 0.1491314172744751
  },
  "Scrollback Lines" : 1000,
  "Send Code When Idle" : false,
  "Close Sessions On End" : true,
  "Terminal Type" : "xterm-256color",
  "Visual Bell" : true,
  "Flashing Bell" : false,
  "Silence Bell" : false,
  "Ansi 14 Color" : {
    "Green Component" : 0.58823531866073608,
    "Red Component" : 0.37647059559822083,
    "Blue Component" : 0.74901962280273438
  },
  "ASCII Ligatures" : false,
  "Name" : "Default",
  "Cursor Text Color" : {
    "Green Component" : 0,
    "Red Component" : 0,
    "Blue Component" : 0
  },
  "Shortcut" : "",
  "Cursor Color" : {
    "Green Component" : 0.62008476257324219,
    "Red Component" : 0.61836320161819458,
    "Blue Component" : 0.79594695568084717
  },
  "Ansi 0 Color" : {
    "Green Component" : 0.20000000298023224,
    "Red Component" : 0.20000000298023224,
    "Blue Component" : 0.20000000298023224
  },
  "Guid" : "B9C6D011-8C7F-4EEB-806F-875DD50BFEC5",
  "Ansi 2 Color" : {
    "Green Component" : 0.45098039507865906,
    "Red Component" : 0.15686275064945221,
    "Blue Component" : 0.45098039507865906
  },
  "Link Color" : {
    "Red Component" : 0,
    "Color Space" : "sRGB",
    "Blue Component" : 0.73423302173614502,
    "Alpha Component" : 1,
    "Green Component" : 0.35916060209274292
  },
  "Custom Directory" : "No",
  "Ansi 5 Color" : {
    "Green Component" : 0.27450981736183167,
    "Red Component" : 0.36862745881080627,
    "Blue Component" : 0.54901963472366333
  },
  "Use Non-ASCII Font" : false,
  "Ansi 7 Color" : {
    "Green Component" : 0.61176472902297974,
    "Red Component" : 0.5372549295425415,
    "Blue Component" : 0.63137257099151611
  },